attack,mean_acc,success_rate,count
center_crop_0.5,1.0,1.0,750
center_crop_0.75,1.0,1.0,750
jpeg_q30,1.0,1.0,750
none,1.0,1.0,750
random_crop_0.5,0.8041333333333334,0.07466666666666667,750
