attack,mean_acc,success_rate,count
center_crop_0.5,1.0,1.0,750
center_crop_0.75,1.0,1.0,750
crop_50_jpeg_30,1.0,1.0,750
jpeg_q10,0.998,0.98,750
jpeg_q30,1.0,1.0,750
jpeg_q5,0.9998666666666667,0.9986666666666667,750
none,1.0,1.0,750
random_crop_0.5,0.8041333333333334,0.07466666666666667,750
resize_0.25,0.976,0.76,750
resize_0.5,1.0,1.0,750
